time;T_C;W_raw_kg
2026-08-10T00:03:17Z;23.0;22.11
2026-08-10T00:07:33Z;22.5;22.09
2026-08-10T00:11:49Z;22.5;22.11
2026-08-10T00:16:06Z;22.5;22.1
2026-08-10T00:20:22Z;22.5;22.09
2026-08-10T00:24:39Z;22.5;22.1
2026-08-10T00:28:55Z;22.5;22.12
2026-08-10T00:33:12Z;22.5;22.11
2026-08-10T00:37:28Z;22.5;22.11
2026-08-10T00:41:45Z;22.5;22.11
2026-08-10T00:46:01Z;22.5;22.1
2026-08-10T00:50:18Z;22.5;22.1
2026-08-10T00:54:34Z;22.5;22.1
2026-08-10T00:58:50Z;22.5;22.1
2026-08-10T01:03:07Z;22.5;22.12
2026-08-10T01:07:23Z;22.5;22.11
2026-08-10T01:11:40Z;22.0;22.11
2026-08-10T01:15:56Z;22.5;22.1
2026-08-10T01:20:12Z;22.0;22.11
2026-08-10T01:24:29Z;22.0;22.11
2026-08-10T01:28:45Z;22.0;22.11
2026-08-10T01:33:02Z;22.0;22.12
2026-08-10T01:37:18Z;22.0;22.11
2026-08-10T01:41:35Z;22.0;22.12
2026-08-10T01:45:51Z;22.0;22.11
2026-08-10T01:50:07Z;22.0;22.12
2026-08-10T01:54:24Z;22.0;22.11
2026-08-10T01:58:40Z;22.0;22.11
2026-08-10T02:02:57Z;22.0;22.11
2026-08-10T02:07:13Z;22.0;22.11
2026-08-10T02:11:30Z;22.0;22.13
2026-08-10T02:15:46Z;22.0;22.12
2026-08-10T02:20:03Z;22.0;22.11
2026-08-10T02:24:19Z;21.5;22.12
2026-08-10T02:28:35Z;21.5;22.11
2026-08-10T02:32:52Z;21.5;22.13
2026-08-10T02:37:08Z;21.5;22.13
2026-08-10T02:41:25Z;21.5;22.13
2026-08-10T02:45:41Z;21.5;22.11
2026-08-10T02:49:58Z;21.0;22.13
2026-08-10T02:54:14Z;21.5;22.12
2026-08-10T02:58:30Z;21.0;22.12
2026-08-10T03:02:47Z;21.0;22.13
2026-08-10T03:07:03Z;21.0;22.13
2026-08-10T03:11:20Z;21.0;22.12
2026-08-10T03:15:36Z;21.0;22.12
2026-08-10T03:19:53Z;21.0;22.13
2026-08-10T03:24:09Z;21.0;22.12
2026-08-10T03:28:26Z;21.0;22.12
2026-08-10T03:32:42Z;21.0;22.13
2026-08-10T03:36:58Z;21.0;22.13
2026-08-10T03:41:15Z;21.0;22.14
2026-08-10T03:45:31Z;21.0;22.13
2026-08-10T03:49:48Z;21.0;22.14
2026-08-10T03:54:04Z;21.0;22.14
2026-08-10T03:58:21Z;21.0;22.12
2026-08-10T04:02:37Z;21.0;22.14
2026-08-10T04:06:53Z;21.0;22.13
2026-08-10T04:11:10Z;21.0;22.14
2026-08-10T04:15:26Z;21.0;22.15
2026-08-10T04:19:43Z;21.0;22.13
2026-08-10T04:23:59Z;21.0;22.15
2026-08-10T04:28:16Z;21.0;22.13
2026-08-10T04:32:32Z;20.5;22.15
2026-08-10T04:36:49Z;21.0;22.14
2026-08-10T04:41:05Z;21.0;22.15
2026-08-10T04:45:21Z;21.0;22.13
2026-08-10T04:49:38Z;21.0;22.13
2026-08-10T04:53:54Z;20.5;22.14
2026-08-10T04:58:11Z;20.5;22.14
2026-08-10T05:02:27Z;21.0;22.13
2026-08-10T05:06:44Z;21.0;22.13
2026-08-10T05:11:00Z;20.5;22.13
2026-08-10T05:15:16Z;21.0;22.13
2026-08-10T05:19:33Z;21.0;22.14
2026-08-10T05:23:49Z;21.0;22.15
2026-08-10T05:28:06Z;21.0;22.15
2026-08-10T05:32:22Z;21.0;22.15
2026-08-10T05:36:39Z;21.0;22.15
2026-08-10T05:40:55Z;21.5;22.14
2026-08-10T05:45:12Z;21.5;22.13
2026-08-10T05:49:28Z;21.5;22.13
2026-08-10T05:53:44Z;21.5;22.13
2026-08-10T05:58:01Z;21.0;22.15
2026-08-10T06:02:17Z;21.0;22.13
2026-08-10T06:06:34Z;21.5;22.14
2026-08-10T06:10:50Z;21.5;22.13
2026-08-10T06:15:07Z;21.5;22.14
2026-08-10T06:19:23Z;22.0;22.14
2026-08-10T06:23:39Z;21.5;22.14
2026-08-10T06:27:56Z;21.5;22.14
2026-08-10T06:32:12Z;21.5;22.12
2026-08-10T06:36:29Z;21.5;22.12
2026-08-10T06:40:45Z;21.5;22.14
2026-08-10T06:45:02Z;22.0;22.12
2026-08-10T06:49:18Z;23.0;22.14
2026-08-10T06:53:34Z;23.0;22.12
2026-08-10T06:57:51Z;22.5;22.13
2026-08-10T07:06:25Z;22.5;22.11
2026-08-10T07:10:41Z;22.5;22.13
2026-08-10T07:14:58Z;22.5;22.12
2026-08-10T07:19:14Z;22.5;22.12
2026-08-10T07:23:31Z;22.5;22.11
2026-08-10T07:27:47Z;22.5;22.13
2026-08-10T07:32:03Z;22.5;22.13
2026-08-10T07:36:20Z;22.5;22.11
2026-08-10T07:40:36Z;23.0;22.11
2026-08-10T07:44:53Z;22.5;22.1
2026-08-10T07:49:09Z;23.0;22.12
2026-08-10T07:53:26Z;23.0;22.1
2026-08-10T07:57:42Z;23.0;22.1
2026-08-10T08:01:58Z;23.5;22.11
2026-08-10T08:06:15Z;23.5;22.1
2026-08-10T08:10:31Z;23.5;22.11
2026-08-10T08:14:48Z;23.5;22.11
2026-08-10T08:19:04Z;24.0;22.11
2026-08-10T08:23:21Z;24.0;22.1
2026-08-10T08:27:37Z;24.0;22.09
2026-08-10T08:31:53Z;24.5;22.08
2026-08-10T08:36:10Z;24.5;22.1
2026-08-10T08:40:26Z;25.0;22.09
2026-08-10T08:44:43Z;26.0;22.07
2026-08-10T08:48:59Z;26.0;22.08
2026-08-10T08:53:16Z;26.5;22.08
2026-08-10T08:57:32Z;27.5;22.06
2026-08-10T09:01:49Z;27.5;22.08
2026-08-10T09:06:05Z;28.0;22.05
2026-08-10T09:10:22Z;28.5;22.05
2026-08-10T09:14:38Z;28.5;22.05
2026-08-10T09:18:54Z;29.0;22.04
2026-08-10T09:23:11Z;29.0;22.02
2026-08-10T09:27:27Z;29.0;22.03
2026-08-10T09:31:44Z;29.0;22.03
2026-08-10T09:36:00Z;29.5;22.02
2026-08-10T09:40:17Z;30.0;22.01
2026-08-10T09:44:33Z;30.0;22.0
2026-08-10T09:48:49Z;30.5;22.0
2026-08-10T09:53:06Z;30.5;22.0
2026-08-10T09:57:22Z;31.0;22.01
2026-08-10T10:01:39Z;31.5;21.98
2026-08-10T10:05:55Z;31.5;21.98
2026-08-10T10:10:12Z;31.5;21.97
2026-08-10T10:14:28Z;32.0;21.97
2026-08-10T10:18:44Z;32.0;21.98
2026-08-10T10:23:01Z;32.0;21.98
2026-08-10T10:27:17Z;32.5;21.97
2026-08-10T10:31:34Z;32.5;21.99
2026-08-10T10:35:50Z;32.5;21.95
2026-08-10T10:40:07Z;33.0;21.96
2026-08-10T10:44:23Z;32.5;21.95
2026-08-10T10:48:40Z;33.0;21.95
2026-08-10T10:52:56Z;33.5;21.96
2026-08-10T10:57:13Z;33.5;21.93
2026-08-10T11:01:29Z;34.0;21.92
2026-08-10T11:05:45Z;34.0;21.91
2026-08-10T11:10:03Z;33.5;21.88
2026-08-10T11:14:19Z;34.0;21.91
2026-08-10T11:18:35Z;34.0;21.91
2026-08-10T11:22:51Z;34.5;21.91
2026-08-10T11:27:08Z;34.5;21.9
2026-08-10T11:31:25Z;35.0;21.9
2026-08-10T11:35:41Z;35.0;21.91
2026-08-10T11:39:57Z;35.0;21.89
2026-08-10T11:44:14Z;35.0;21.91
2026-08-10T11:48:30Z;35.5;21.9
2026-08-10T11:52:47Z;35.0;21.89
2026-08-10T11:57:03Z;34.5;21.9
2026-08-10T12:01:20Z;35.5;21.89
2026-08-10T12:05:36Z;35.5;21.88
2026-08-10T12:09:52Z;35.5;21.89
2026-08-10T12:14:09Z;35.5;21.88
2026-08-10T12:18:25Z;36.0;21.89
2026-08-10T12:22:42Z;35.5;21.89
2026-08-10T12:26:58Z;36.0;21.87
2026-08-10T12:31:15Z;35.0;21.88
2026-08-10T12:35:31Z;36.0;21.87
2026-08-10T12:39:47Z;36.0;21.89
2026-08-10T12:44:04Z;36.0;21.87
2026-08-10T12:48:20Z;36.5;21.87
2026-08-10T12:52:37Z;36.5;21.86
2026-08-10T12:56:53Z;37.0;21.86
2026-08-10T13:01:10Z;37.0;21.86
2026-08-10T13:05:26Z;37.0;21.84
2026-08-10T13:09:43Z;36.5;21.86
2026-08-10T13:13:59Z;37.0;21.87
2026-08-10T13:18:15Z;37.0;21.86
2026-08-10T13:22:32Z;37.5;21.86
2026-08-10T13:26:48Z;37.5;21.86
2026-08-10T13:31:05Z;37.5;21.86
2026-08-10T13:35:21Z;37.5;21.85
2026-08-10T13:39:38Z;37.0;21.86
2026-08-10T13:43:54Z;37.5;21.85
2026-08-10T13:48:10Z;37.5;21.8
2026-08-10T13:52:27Z;37.5;21.84
2026-08-10T13:56:43Z;37.5;21.84
2026-08-10T14:01:00Z;37.5;21.85
2026-08-10T14:05:16Z;38.0;21.85
2026-08-10T14:09:33Z;37.0;21.83
2026-08-10T14:13:49Z;37.5;21.84
2026-08-10T14:18:05Z;37.5;21.84
2026-08-10T14:22:22Z;37.0;21.84
2026-08-10T14:26:38Z;37.5;21.84
2026-08-10T14:30:55Z;38.0;21.85
2026-08-10T14:35:20Z;37.5;21.85
2026-08-10T14:39:29Z;37.5;21.84
2026-08-10T14:43:45Z;38.0;21.84
2026-08-10T14:48:10Z;37.5;21.85
2026-08-10T14:52:19Z;38.0;21.83
2026-08-10T14:56:35Z;38.0;21.83
2026-08-10T15:00:52Z;37.0;21.81
2026-08-10T15:05:08Z;36.5;21.83
2026-08-10T15:09:25Z;37.0;21.85
2026-08-10T15:13:41Z;37.0;21.85
2026-08-10T15:17:58Z;37.5;21.84
2026-08-10T15:22:14Z;36.5;21.85
2026-08-10T15:26:31Z;36.0;21.83
2026-08-10T15:30:47Z;36.0;21.88
2026-08-10T15:35:03Z;36.5;21.87
2026-08-10T15:39:20Z;36.0;21.85
2026-08-10T15:43:36Z;36.5;21.88
2026-08-10T15:47:53Z;36.5;21.88
2026-08-10T15:52:09Z;36.5;21.88
2026-08-10T15:56:26Z;35.5;21.87
2026-08-10T16:00:42Z;36.0;21.87
2026-08-10T16:04:58Z;36.0;21.88
2026-08-10T16:09:15Z;36.5;21.87
2026-08-10T16:13:31Z;36.0;21.88
2026-08-10T16:17:48Z;35.5;21.88
2026-08-10T16:22:04Z;35.0;21.88
2026-08-10T16:26:20Z;35.0;21.89
2026-08-10T16:30:37Z;35.5;21.89
2026-08-10T16:34:53Z;35.5;21.88
2026-08-10T16:39:10Z;34.5;21.87
2026-08-10T16:43:26Z;35.0;21.88
2026-08-10T16:47:43Z;34.0;21.89
2026-08-10T16:51:59Z;34.0;21.91
2026-08-10T16:56:16Z;33.5;21.89
2026-08-10T17:00:32Z;33.0;21.9
2026-08-10T17:04:49Z;33.0;21.91
2026-08-10T17:09:05Z;33.5;21.91
2026-08-10T17:13:21Z;33.5;21.9
2026-08-10T17:17:38Z;33.0;21.92
2026-08-10T17:21:54Z;33.5;21.91
2026-08-10T17:26:11Z;33.0;21.92
2026-08-10T17:30:27Z;33.5;21.91
2026-08-10T17:34:44Z;33.0;21.91
2026-08-10T17:39:00Z;32.5;21.92
2026-08-10T17:43:16Z;33.0;21.93
2026-08-10T17:47:33Z;33.0;21.92
2026-08-10T17:51:49Z;32.5;21.94
2026-08-10T17:56:06Z;32.0;21.92
2026-08-10T18:00:22Z;32.5;21.92
2026-08-10T18:04:39Z;32.5;21.95
2026-08-10T18:08:55Z;32.0;21.94
2026-08-10T18:13:11Z;32.5;21.95
2026-08-10T18:17:28Z;32.0;21.92
2026-08-10T18:21:44Z;31.5;21.95
2026-08-10T18:26:01Z;31.5;21.95
2026-08-10T18:30:17Z;31.5;21.94
2026-08-10T18:34:34Z;31.5;21.94
2026-08-10T18:38:50Z;31.5;21.94
2026-08-10T18:43:06Z;31.0;21.94
2026-08-10T18:47:23Z;31.0;21.94
2026-08-10T18:51:39Z;31.0;21.96
2026-08-10T18:55:56Z;30.5;21.95
2026-08-10T19:00:12Z;30.5;21.96
2026-08-10T19:04:29Z;30.5;21.95
2026-08-10T19:08:45Z;30.0;21.96
2026-08-10T19:13:02Z;30.0;21.97
2026-08-10T19:17:18Z;29.5;21.97
2026-08-10T19:21:34Z;29.5;21.96
2026-08-10T19:25:51Z;29.5;21.96
2026-08-10T19:30:07Z;29.0;21.96
2026-08-10T19:34:24Z;29.0;21.99
2026-08-10T19:38:40Z;29.0;21.99
2026-08-10T19:42:57Z;29.0;21.99
2026-08-10T19:47:13Z;28.5;21.98
2026-08-10T19:51:29Z;28.5;21.98
2026-08-10T19:55:46Z;28.0;21.98
2026-08-10T20:00:04Z;28.0;21.99
2026-08-10T20:04:19Z;28.0;21.99
2026-08-10T20:08:35Z;28.0;21.99
2026-08-10T20:12:52Z;28.0;22.01
2026-08-10T20:17:08Z;27.5;21.99
2026-08-10T20:21:24Z;27.5;22.01
2026-08-10T20:25:41Z;27.5;22.02
2026-08-10T20:29:57Z;27.0;22.0
2026-08-10T20:34:14Z;27.0;22.0
2026-08-10T20:38:30Z;27.0;22.0
2026-08-10T20:42:47Z;27.0;22.01
2026-08-10T20:47:03Z;27.0;22.02
2026-08-10T20:51:19Z;27.0;22.01
2026-08-10T20:55:36Z;26.5;22.03
2026-08-10T20:59:52Z;26.5;22.02
2026-08-10T21:04:09Z;26.5;22.03
2026-08-10T21:08:25Z;26.5;22.02
2026-08-10T21:12:42Z;26.0;22.02
2026-08-10T21:16:58Z;26.0;22.02
2026-08-10T21:21:15Z;26.0;22.02
2026-08-10T21:25:31Z;26.0;22.04
2026-08-10T21:29:47Z;26.0;22.04
2026-08-10T21:34:04Z;26.0;22.04
2026-08-10T21:38:20Z;26.0;22.03
2026-08-10T21:42:37Z;25.5;22.05
2026-08-10T21:46:53Z;25.5;22.04
2026-08-10T21:51:10Z;25.5;22.03
2026-08-10T21:55:26Z;25.5;22.04
2026-08-10T21:59:43Z;25.0;22.03
2026-08-10T22:03:59Z;25.0;22.04
2026-08-10T22:08:15Z;25.0;22.05
2026-08-10T22:12:32Z;25.0;22.06
2026-08-10T22:16:48Z;25.0;22.06
2026-08-10T22:21:05Z;24.5;22.05
2026-08-10T22:25:21Z;24.5;22.05
2026-08-10T22:29:38Z;24.5;22.04
2026-08-10T22:33:54Z;24.5;22.05
2026-08-10T22:38:10Z;24.0;22.05
2026-08-10T22:42:27Z;24.0;22.07
2026-08-10T22:46:43Z;24.0;22.05
2026-08-10T22:51:00Z;24.0;22.07
2026-08-10T22:55:16Z;24.0;22.05
2026-08-10T22:59:32Z;23.5;22.07
2026-08-10T23:03:49Z;23.5;22.05
2026-08-10T23:08:05Z;23.5;22.06
2026-08-10T23:12:22Z;23.5;22.06
2026-08-10T23:16:38Z;23.5;22.07
2026-08-10T23:20:55Z;23.5;22.06
2026-08-10T23:25:11Z;23.5;22.06
2026-08-10T23:29:28Z;23.5;22.08
2026-08-10T23:33:44Z;23.5;22.07
2026-08-10T23:38:00Z;23.5;22.09
2026-08-10T23:42:17Z;23.5;22.07
2026-08-10T23:46:33Z;23.5;22.08
2026-08-10T23:50:50Z;23.5;22.09
2026-08-10T23:55:06Z;23.5;22.09
2026-08-10T23:59:23Z;23.5;22.08
2026-08-11T00:03:39Z;23.5;22.09
2026-08-11T00:07:55Z;23.0;22.07
2026-08-11T00:12:12Z;23.0;22.09
2026-08-11T00:16:28Z;23.0;22.08
2026-08-11T00:20:45Z;23.0;22.09
2026-08-11T00:25:01Z;23.0;22.07
2026-08-11T00:29:18Z;23.0;22.07
2026-08-11T00:33:34Z;23.0;22.09
2026-08-11T00:37:51Z;23.0;22.07
2026-08-11T00:42:07Z;22.5;22.07
2026-08-11T00:46:24Z;22.5;22.07
2026-08-11T00:50:40Z;22.5;22.07
2026-08-11T00:54:56Z;22.5;22.09
2026-08-11T00:59:13Z;22.5;22.09
2026-08-11T01:03:29Z;22.5;22.08
2026-08-11T01:07:46Z;22.5;22.1
2026-08-11T01:12:02Z;22.0;22.08
2026-08-11T01:16:19Z;22.0;22.07
2026-08-11T01:20:35Z;22.0;22.1
2026-08-11T01:24:51Z;22.0;22.09
2026-08-11T01:29:08Z;22.0;22.09
2026-08-11T01:33:24Z;22.0;22.1
2026-08-11T01:37:41Z;22.0;22.09
2026-08-11T01:41:57Z;22.0;22.1
2026-08-11T01:46:14Z;22.0;22.09
2026-08-11T01:51:10Z;22.0;22.11
2026-08-11T01:54:47Z;22.0;22.08
2026-08-11T01:59:04Z;22.0;22.11
2026-08-11T02:03:20Z;21.5;22.09
2026-08-11T02:07:37Z;21.5;22.1
2026-08-11T02:11:54Z;21.5;22.11
2026-08-11T02:16:11Z;21.5;22.11
2026-08-11T02:20:27Z;21.5;22.09
2026-08-11T02:24:43Z;21.5;22.11
2026-08-11T02:29:00Z;21.5;22.11
2026-08-11T02:33:16Z;21.5;22.1
2026-08-11T02:37:33Z;21.5;22.11
2026-08-11T02:41:49Z;21.5;22.11
2026-08-11T02:46:06Z;21.0;22.09
2026-08-11T02:50:22Z;21.0;22.11
2026-08-11T02:54:38Z;21.0;22.1
2026-08-11T02:58:55Z;21.0;22.11
2026-08-11T03:03:11Z;21.0;22.11
2026-08-11T03:07:28Z;21.0;22.12
2026-08-11T03:11:44Z;21.0;22.12
2026-08-11T03:16:01Z;21.0;22.1
2026-08-11T03:20:17Z;21.0;22.12
2026-08-11T03:24:33Z;21.0;22.11
2026-08-11T03:28:50Z;21.0;22.1
2026-08-11T03:33:06Z;21.0;22.1
2026-08-11T03:37:23Z;21.0;22.11
2026-08-11T03:41:39Z;21.0;22.13
2026-08-11T03:45:56Z;21.0;22.11
2026-08-11T03:50:12Z;21.0;22.11
2026-08-11T03:54:29Z;21.0;22.11
2026-08-11T03:58:45Z;21.0;22.11
2026-08-11T04:03:02Z;21.0;22.11
2026-08-11T04:07:18Z;21.0;22.12
2026-08-11T04:11:34Z;21.0;22.11
2026-08-11T04:15:51Z;21.0;22.11
2026-08-11T04:20:07Z;21.0;22.12
2026-08-11T04:24:24Z;21.0;22.1
2026-08-11T04:28:40Z;21.0;22.11
2026-08-11T04:32:57Z;21.0;22.12
2026-08-11T04:37:13Z;21.0;22.13
2026-08-11T04:41:29Z;21.0;22.11
2026-08-11T04:45:46Z;21.0;22.11
2026-08-11T04:50:03Z;21.0;22.13
2026-08-11T04:54:19Z;21.0;22.12
2026-08-11T04:58:35Z;21.0;22.13
2026-08-11T05:02:53Z;21.0;22.13
2026-08-11T05:07:09Z;21.0;22.13
2026-08-11T05:11:25Z;21.0;22.11
2026-08-11T05:15:42Z;21.0;22.12
2026-08-11T05:19:59Z;21.0;22.13
2026-08-11T05:24:15Z;21.0;22.11
2026-08-11T05:28:31Z;21.0;22.11
2026-08-11T05:32:48Z;21.0;22.13
2026-08-11T05:37:04Z;21.0;22.11
2026-08-11T05:41:21Z;21.0;22.11
2026-08-11T05:45:37Z;21.0;22.11
2026-08-11T05:49:54Z;21.0;22.13
2026-08-11T05:54:10Z;21.5;22.11
2026-08-11T05:58:26Z;21.5;22.11
2026-08-11T06:02:43Z;21.5;22.11
2026-08-11T06:07:00Z;21.5;22.11
2026-08-11T06:11:16Z;21.5;22.12
2026-08-11T06:15:33Z;21.5;22.11
2026-08-11T06:19:49Z;21.5;22.11
2026-08-11T06:24:06Z;21.5;22.1
2026-08-11T06:28:22Z;21.5;22.11
2026-08-11T06:32:38Z;21.5;22.11
2026-08-11T06:36:55Z;21.5;22.1
2026-08-11T06:41:11Z;21.5;22.11
2026-08-11T06:45:28Z;22.0;22.1
2026-08-11T06:49:44Z;21.5;22.1
2026-08-11T06:54:01Z;22.0;22.11
2026-08-11T06:58:17Z;22.0;22.12
2026-08-11T07:02:34Z;22.0;22.11
2026-08-11T07:06:50Z;22.0;22.12
2026-08-11T07:11:06Z;22.0;22.1
2026-08-11T07:15:23Z;22.0;22.1
2026-08-11T07:19:39Z;22.5;22.13
2026-08-11T07:23:56Z;22.5;22.11
2026-08-11T07:28:12Z;22.5;22.11
2026-08-11T07:32:29Z;22.5;22.09
2026-08-11T07:36:45Z;22.5;22.09
2026-08-11T07:41:01Z;22.5;22.11
2026-08-11T07:45:18Z;23.0;22.1
2026-08-11T07:49:34Z;23.0;22.09
2026-08-11T07:53:51Z;23.0;22.09
2026-08-11T07:58:07Z;23.0;22.08
2026-08-11T08:02:24Z;23.0;22.08
2026-08-11T08:06:40Z;23.0;22.08
2026-08-11T08:10:56Z;23.5;22.1
2026-08-11T08:15:13Z;23.5;22.1
2026-08-11T08:19:29Z;23.5;22.08
2026-08-11T08:23:46Z;24.0;22.1
2026-08-11T08:28:02Z;24.0;22.09
2026-08-11T08:32:19Z;24.0;22.07
2026-08-11T08:36:35Z;24.5;22.06
2026-08-11T08:40:51Z;24.5;22.08
2026-08-11T08:45:08Z;25.0;22.08
2026-08-11T08:49:24Z;25.5;22.07
2026-08-11T08:53:41Z;26.0;22.07
2026-08-11T08:57:57Z;26.0;22.05
2026-08-11T09:02:14Z;26.0;22.06
2026-08-11T09:06:30Z;27.0;22.04
2026-08-11T09:10:46Z;27.0;22.04
2026-08-11T09:15:03Z;27.5;22.03
2026-08-11T09:19:19Z;27.5;22.04
2026-08-11T09:23:36Z;27.5;22.01
2026-08-11T09:27:52Z;28.0;22.01
2026-08-11T09:32:09Z;28.0;22.01
2026-08-11T09:36:25Z;29.0;22.0
2026-08-11T09:40:42Z;29.0;22.0
2026-08-11T09:44:58Z;29.5;22.0
2026-08-11T09:49:14Z;29.5;21.98
2026-08-11T09:53:31Z;30.0;22.0
2026-08-11T09:57:47Z;30.0;21.98
2026-08-11T10:02:04Z;30.0;21.98
2026-08-11T10:06:20Z;30.5;21.97
2026-08-11T10:10:37Z;30.5;21.97
2026-08-11T10:14:53Z;31.0;21.92
2026-08-11T10:19:09Z;31.0;21.96
2026-08-11T10:23:26Z;31.0;21.95
2026-08-11T10:27:42Z;31.5;21.95
2026-08-11T10:31:59Z;31.5;21.96
2026-08-11T10:36:15Z;31.5;21.96
2026-08-11T10:40:32Z;31.5;21.94
2026-08-11T10:44:48Z;32.0;21.94
2026-08-11T10:49:04Z;32.0;21.93
2026-08-11T10:53:21Z;32.0;21.92
2026-08-11T10:57:37Z;32.0;21.93
2026-08-11T11:01:54Z;32.0;21.94
2026-08-11T11:06:10Z;32.5;21.92
2026-08-11T11:10:27Z;32.5;21.92
2026-08-11T11:14:43Z;32.5;21.91
2026-08-11T11:19:00Z;32.0;21.92
2026-08-11T11:23:16Z;32.5;21.92
2026-08-11T11:27:32Z;32.5;21.9
2026-08-11T11:31:49Z;32.5;21.9
2026-08-11T11:36:05Z;32.5;21.9
2026-08-11T11:40:22Z;32.5;21.92
2026-08-11T11:44:38Z;33.0;21.91
2026-08-11T11:48:55Z;33.0;21.89
2026-08-11T11:53:11Z;33.0;21.91
2026-08-11T11:57:27Z;32.5;21.89
2026-08-11T12:01:44Z;33.0;21.89
2026-08-11T12:06:00Z;33.5;21.9
2026-08-11T12:10:17Z;33.0;21.89
2026-08-11T12:14:33Z;33.5;21.89
2026-08-11T12:18:50Z;33.5;21.91
2026-08-11T12:23:06Z;34.0;21.9
2026-08-11T12:27:22Z;34.0;21.89
2026-08-11T12:31:39Z;33.5;21.89
2026-08-11T12:35:55Z;33.5;21.89
2026-08-11T12:40:12Z;33.5;21.88
2026-08-11T12:44:28Z;33.5;21.89
2026-08-11T12:48:45Z;33.5;21.9
2026-08-11T12:53:01Z;33.5;21.9
2026-08-11T12:57:17Z;33.5;21.88
2026-08-11T13:01:34Z;33.0;21.89
2026-08-11T13:05:50Z;33.5;21.9
2026-08-11T13:10:07Z;33.5;21.9
2026-08-11T13:14:23Z;33.5;21.89
2026-08-11T13:18:40Z;34.0;21.88
2026-08-11T13:22:56Z;33.5;21.88
2026-08-11T13:27:13Z;34.0;21.9
2026-08-11T13:31:29Z;34.0;21.88
2026-08-11T13:35:45Z;33.5;21.9
2026-08-11T13:40:02Z;33.0;21.87
2026-08-11T13:44:18Z;33.5;21.89
2026-08-11T13:48:35Z;33.5;21.88
2026-08-11T13:52:51Z;34.0;21.9
2026-08-11T13:57:08Z;34.0;21.88
2026-08-11T14:01:24Z;34.0;21.87
2026-08-11T14:05:40Z;34.0;21.88
2026-08-11T14:09:57Z;34.0;21.88
2026-08-11T14:14:13Z;34.0;21.88
2026-08-11T14:18:30Z;34.0;21.86
2026-08-11T14:22:46Z;34.0;21.86
2026-08-11T14:27:03Z;34.5;21.87
2026-08-11T14:31:19Z;34.0;21.86
2026-08-11T14:35:36Z;34.0;21.88
2026-08-11T14:39:52Z;33.5;21.88
2026-08-11T14:44:08Z;34.0;21.87
2026-08-11T14:48:25Z;34.0;21.88
2026-08-11T14:52:41Z;34.0;21.89
2026-08-11T14:56:58Z;33.5;21.87
2026-08-11T15:01:14Z;33.5;21.88
2026-08-11T15:05:31Z;34.0;21.86
2026-08-11T15:09:47Z;33.5;21.87
2026-08-11T15:14:03Z;34.0;21.88
2026-08-11T15:18:20Z;34.0;21.89
2026-08-11T15:22:36Z;33.5;21.88
2026-08-11T15:26:53Z;33.0;21.88
2026-08-11T15:31:09Z;33.5;21.89
2026-08-11T15:35:26Z;33.5;21.88
2026-08-11T15:39:42Z;33.5;21.89
2026-08-11T15:43:59Z;33.0;21.9
2026-08-11T15:48:15Z;33.0;21.89
2026-08-11T15:52:31Z;33.5;21.89
2026-08-11T15:56:48Z;32.5;21.91
2026-08-11T16:01:04Z;33.0;21.91
2026-08-11T16:05:21Z;33.5;21.9
2026-08-11T16:09:37Z;32.5;21.9
2026-08-11T16:13:54Z;32.0;21.9
2026-08-11T16:18:10Z;32.5;21.91
2026-08-11T16:22:26Z;32.5;21.88
2026-08-11T16:26:43Z;32.5;21.88
2026-08-11T16:30:59Z;32.5;21.87
2026-08-11T16:35:16Z;32.5;21.9
2026-08-11T16:39:32Z;32.5;21.91
2026-08-11T16:43:49Z;32.0;21.91
2026-08-11T16:48:05Z;32.0;21.9
