time;T_C;W_raw_kg;T_eff_C;W_corr_kg;residual_g
2026-08-10T00:03:17Z;23.0;22.11;23.0;22.0745;18.9
2026-08-10T00:07:33Z;22.5;22.09;22.922;22.0531;-2.5
2026-08-10T00:11:49Z;22.5;22.11;22.855;22.072;16.4
2026-08-10T00:16:06Z;22.5;22.1;22.8;22.061;5.4
2026-08-10T00:20:22Z;22.5;22.09;22.753;22.0501;-5.5
2026-08-10T00:24:39Z;22.5;22.1;22.713;22.0594;3.8
2026-08-10T00:28:55Z;22.5;22.12;22.68;22.0788;23.2
2026-08-10T00:33:12Z;22.5;22.11;22.651;22.0683;12.7
2026-08-10T00:37:28Z;22.5;22.11;22.628;22.0679;12.3
2026-08-10T00:41:45Z;22.5;22.11;22.608;22.0676;12.0
2026-08-10T00:46:01Z;22.5;22.1;22.591;22.0573;1.7
2026-08-10T00:50:18Z;22.5;22.1;22.576;22.057;1.4
2026-08-10T00:54:34Z;22.5;22.1;22.564;22.0568;1.2
2026-08-10T00:58:50Z;22.5;22.1;22.554;22.0566;1.0
2026-08-10T01:03:07Z;22.5;22.12;22.546;22.0765;20.9
2026-08-10T01:07:23Z;22.5;22.11;22.539;22.0664;10.7
2026-08-10T01:11:40Z;22.0;22.11;22.454;22.0649;9.2
2026-08-10T01:15:56Z;22.5;22.1;22.461;22.055;-0.6
2026-08-10T01:20:12Z;22.0;22.11;22.389;22.0637;8.1
2026-08-10T01:24:29Z;22.0;22.11;22.328;22.0626;7.0
2026-08-10T01:28:45Z;22.0;22.11;22.276;22.0617;6.1
2026-08-10T01:33:02Z;22.0;22.12;22.233;22.0709;15.3
2026-08-10T01:37:18Z;22.0;22.11;22.197;22.0603;4.7
2026-08-10T01:41:35Z;22.0;22.12;22.166;22.0697;14.1
2026-08-10T01:45:51Z;22.0;22.11;22.14;22.0593;3.7
2026-08-10T01:50:07Z;22.0;22.12;22.118;22.0689;13.3
2026-08-10T01:54:24Z;22.0;22.11;22.099;22.0586;3.0
2026-08-10T01:58:40Z;22.0;22.11;22.084;22.0583;2.7
2026-08-10T02:02:57Z;22.0;22.11;22.071;22.058;2.4
2026-08-10T02:07:13Z;22.0;22.11;22.06;22.0579;2.2
2026-08-10T02:11:30Z;22.0;22.13;22.05;22.0777;22.1
2026-08-10T02:15:46Z;22.0;22.12;22.042;22.0675;11.9
2026-08-10T02:20:03Z;22.0;22.11;22.036;22.0574;1.8
2026-08-10T02:24:19Z;21.5;22.12;21.952;22.0659;10.3
2026-08-10T02:28:35Z;21.5;22.11;21.881;22.0547;-0.9
2026-08-10T02:32:52Z;21.5;22.13;21.821;22.0736;18.0
2026-08-10T02:37:08Z;21.5;22.13;21.771;22.0727;17.1
2026-08-10T02:41:25Z;21.5;22.13;21.728;22.072;16.4
2026-08-10T02:45:41Z;21.5;22.11;21.692;22.0513;-4.3
2026-08-10T02:49:58Z;21.0;22.13;21.584;22.0694;13.8
2026-08-10T02:54:14Z;21.5;22.12;21.571;22.0592;3.6
2026-08-10T02:58:30Z;21.0;22.12;21.481;22.0576;2.0
2026-08-10T03:02:47Z;21.0;22.13;21.406;22.0663;10.7
2026-08-10T03:07:03Z;21.0;22.13;21.342;22.0651;9.5
2026-08-10T03:11:20Z;21.0;22.12;21.288;22.0542;-1.4
2026-08-10T03:15:36Z;21.0;22.12;21.243;22.0534;-2.2
2026-08-10T03:19:53Z;21.0;22.13;21.205;22.0627;7.1
2026-08-10T03:24:09Z;21.0;22.12;21.173;22.0521;-3.5
2026-08-10T03:28:26Z;21.0;22.12;21.146;22.0516;-4.0
2026-08-10T03:32:42Z;21.0;22.13;21.123;22.0612;5.6
2026-08-10T03:36:58Z;21.0;22.13;21.104;22.0609;5.3
2026-08-10T03:41:15Z;21.0;22.14;21.087;22.0706;15.0
2026-08-10T03:45:31Z;21.0;22.13;21.074;22.0604;4.8
2026-08-10T03:49:48Z;21.0;22.14;21.062;22.0702;14.6
2026-08-10T03:54:04Z;21.0;22.14;21.052;22.07;14.4
2026-08-10T03:58:21Z;21.0;22.12;21.044;22.0498;-5.8
2026-08-10T04:02:37Z;21.0;22.14;21.037;22.0697;14.1
2026-08-10T04:06:53Z;21.0;22.13;21.031;22.0596;4.0
2026-08-10T04:11:10Z;21.0;22.14;21.026;22.0695;13.9
2026-08-10T04:15:26Z;21.0;22.15;21.022;22.0795;23.9
2026-08-10T04:19:43Z;21.0;22.13;21.019;22.0594;3.8
2026-08-10T04:23:59Z;21.0;22.15;21.016;22.0793;23.7
2026-08-10T04:28:16Z;21.0;22.13;21.013;22.0593;3.7
2026-08-10T04:32:32Z;20.5;22.15;20.933;22.0779;22.3
2026-08-10T04:36:49Z;21.0;22.14;20.943;22.0681;12.5
2026-08-10T04:41:05Z;21.0;22.15;20.952;22.0782;22.6
2026-08-10T04:45:21Z;21.0;22.13;20.96;22.0583;2.7
2026-08-10T04:49:38Z;21.0;22.13;20.966;22.0585;2.9
2026-08-10T04:53:54Z;20.5;22.14;20.893;22.0672;11.6
2026-08-10T04:58:11Z;20.5;22.14;20.831;22.0661;10.5
2026-08-10T05:02:27Z;21.0;22.13;20.858;22.0565;0.9
2026-08-10T05:06:44Z;21.0;22.13;20.88;22.0569;1.3
2026-08-10T05:11:00Z;20.5;22.13;20.82;22.0559;0.3
2026-08-10T05:15:16Z;21.0;22.13;20.849;22.0564;0.8
2026-08-10T05:19:33Z;21.0;22.14;20.872;22.0668;11.2
2026-08-10T05:23:49Z;21.0;22.15;20.892;22.0772;21.5
2026-08-10T05:28:06Z;21.0;22.15;20.909;22.0775;21.8
2026-08-10T05:32:22Z;21.0;22.15;20.924;22.0777;22.1
2026-08-10T05:36:39Z;21.0;22.15;20.936;22.0779;22.3
2026-08-10T05:40:55Z;21.5;22.14;21.024;22.0695;13.9
2026-08-10T05:45:12Z;21.5;22.13;21.099;22.0608;5.2
2026-08-10T05:49:28Z;21.5;22.13;21.162;22.0619;6.3
2026-08-10T05:53:44Z;21.5;22.13;21.215;22.0629;7.3
2026-08-10T05:58:01Z;21.0;22.15;21.181;22.0823;26.7
2026-08-10T06:02:17Z;21.0;22.13;21.153;22.0618;6.2
2026-08-10T06:06:34Z;21.5;22.14;21.207;22.0727;17.1
2026-08-10T06:10:50Z;21.5;22.13;21.253;22.0636;7.9
2026-08-10T06:15:07Z;21.5;22.14;21.292;22.0742;18.6
2026-08-10T06:19:23Z;22.0;22.14;21.403;22.0762;20.6
2026-08-10T06:23:39Z;21.5;22.14;21.418;22.0765;20.9
2026-08-10T06:27:56Z;21.5;22.14;21.431;22.0767;21.1
2026-08-10T06:32:12Z;21.5;22.12;21.442;22.0569;1.3
2026-08-10T06:36:29Z;21.5;22.12;21.451;22.0571;1.5
2026-08-10T06:40:45Z;21.5;22.14;21.459;22.0772;21.6
2026-08-10T06:45:02Z;22.0;22.12;21.544;22.0587;3.1
2026-08-10T06:49:18Z;23.0;22.14;21.772;22.0828;27.2
2026-08-10T06:53:34Z;23.0;22.12;21.965;22.0662;10.6
2026-08-10T06:57:51Z;22.5;22.13;22.049;22.0777;22.1
2026-08-10T07:06:25Z;22.5;22.11;22.12;22.0589;3.3
2026-08-10T07:10:41Z;22.5;22.13;22.179;22.08;24.4
2026-08-10T07:14:58Z;22.5;22.12;22.23;22.0709;15.3
2026-08-10T07:19:14Z;22.5;22.12;22.272;22.0716;16.0
2026-08-10T07:23:31Z;22.5;22.11;22.308;22.0623;6.7
2026-08-10T07:27:47Z;22.5;22.13;22.338;22.0828;27.2
2026-08-10T07:32:03Z;22.5;22.13;22.363;22.0832;27.6
2026-08-10T07:36:20Z;22.5;22.11;22.385;22.0636;8.0
2026-08-10T07:40:36Z;23.0;22.11;22.481;22.0653;9.7
2026-08-10T07:44:53Z;22.5;22.1;22.484;22.0554;-0.2
2026-08-10T07:49:09Z;23.0;22.12;22.565;22.0768;21.2
2026-08-10T07:53:26Z;23.0;22.1;22.633;22.058;2.4
2026-08-10T07:57:42Z;23.0;22.1;22.691;22.0591;3.4
2026-08-10T08:01:58Z;23.5;22.11;22.818;22.0713;15.7
2026-08-10T08:06:15Z;23.5;22.1;22.925;22.0632;7.6
2026-08-10T08:10:31Z;23.5;22.11;23.015;22.0748;19.2
2026-08-10T08:14:48Z;23.5;22.11;23.091;22.0761;20.5
2026-08-10T08:19:04Z;24.0;22.11;23.234;22.0787;23.1
2026-08-10T08:23:21Z;24.0;22.1;23.354;22.0708;15.2
2026-08-10T08:27:37Z;24.0;22.09;23.455;22.0626;7.0
2026-08-10T08:31:53Z;24.5;22.08;23.619;22.0555;-0.1
2026-08-10T08:36:10Z;24.5;22.1;23.757;22.078;22.4
2026-08-10T08:40:26Z;25.0;22.09;23.952;22.0714;15.8
2026-08-10T08:44:43Z;26.0;22.07;24.274;22.0571;1.5
2026-08-10T08:48:59Z;26.0;22.08;24.545;22.0719;16.3
2026-08-10T08:53:16Z;26.5;22.08;24.851;22.0774;21.8
2026-08-10T08:57:32Z;27.5;22.06;25.267;22.0647;9.1
2026-08-10T09:01:49Z;27.5;22.08;25.617;22.0909;35.3
2026-08-10T09:06:05Z;28.0;22.05;25.991;22.0676;12.0
2026-08-10T09:10:22Z;28.5;22.05;26.385;22.0746;19.0
2026-08-10T09:14:38Z;28.5;22.05;26.717;22.0804;24.8
2026-08-10T09:18:54Z;29.0;22.04;27.075;22.0768;21.2
2026-08-10T09:23:11Z;29.0;22.02;27.377;22.0622;6.5
2026-08-10T09:27:27Z;29.0;22.03;27.632;22.0767;21.1
2026-08-10T09:31:44Z;29.0;22.03;27.846;22.0805;24.9
2026-08-10T09:36:00Z;29.5;22.02;28.106;22.0751;19.5
2026-08-10T09:40:17Z;30.0;22.01;28.403;22.0703;14.7
2026-08-10T09:44:33Z;30.0;22.0;28.654;22.0648;9.2
2026-08-10T09:48:49Z;30.5;22.0;28.943;22.0699;14.3
2026-08-10T09:53:06Z;30.5;22.0;29.187;22.0743;18.7
2026-08-10T09:57:22Z;31.0;22.01;29.472;22.0893;33.7
2026-08-10T10:01:39Z;31.5;21.98;29.79;22.0649;9.3
2026-08-10T10:05:55Z;31.5;21.98;30.058;22.0697;14.1
2026-08-10T10:10:12Z;31.5;21.97;30.285;22.0637;8.1
2026-08-10T10:14:28Z;32.0;21.97;30.554;22.0685;12.9
2026-08-10T10:18:44Z;32.0;21.98;30.781;22.0825;26.9
2026-08-10T10:23:01Z;32.0;21.98;30.972;22.0859;30.3
2026-08-10T10:27:17Z;32.5;21.97;31.212;22.0802;24.6
2026-08-10T10:31:34Z;32.5;21.99;31.414;22.1037;48.1
2026-08-10T10:35:50Z;32.5;21.95;31.584;22.0668;11.2
2026-08-10T10:40:07Z;33.0;21.96;31.806;22.0807;25.1
2026-08-10T10:44:23Z;32.5;21.95;31.915;22.0726;17.0
2026-08-10T10:48:40Z;33.0;21.95;32.085;22.0757;20.0
2026-08-10T10:52:56Z;33.5;21.96;32.307;22.0896;34.0
2026-08-10T10:57:13Z;33.5;21.93;32.494;22.0629;7.3
2026-08-10T11:01:29Z;34.0;21.92;32.731;22.0571;1.5
2026-08-10T11:05:45Z;34.0;21.91;32.93;22.0506;-5.0
2026-08-10T11:10:03Z;33.5;21.88;33.019;22.0222;-33.4
2026-08-10T11:14:19Z;34.0;21.91;33.173;22.0549;-0.7
2026-08-10T11:18:35Z;34.0;21.91;33.303;22.0572;1.6
2026-08-10T11:22:51Z;34.5;21.91;33.491;22.0606;5.0
2026-08-10T11:27:08Z;34.5;21.9;33.649;22.0534;-2.2
2026-08-10T11:31:25Z;35.0;21.9;33.861;22.0571;1.5
2026-08-10T11:35:41Z;35.0;21.91;34.04;22.0703;14.7
2026-08-10T11:39:57Z;35.0;21.89;34.19;22.053;-2.6
2026-08-10T11:44:14Z;35.0;21.91;34.317;22.0752;19.6
2026-08-10T11:48:30Z;35.5;21.9;34.503;22.0685;12.9
2026-08-10T11:52:47Z;35.0;21.89;34.581;22.0599;4.3
2026-08-10T11:57:03Z;34.5;21.9;34.568;22.0697;14.1
2026-08-10T12:01:20Z;35.5;21.89;34.714;22.0623;6.7
2026-08-10T12:05:36Z;35.5;21.88;34.838;22.0545;-1.1
2026-08-10T12:09:52Z;35.5;21.89;34.942;22.0663;10.7
2026-08-10T12:14:09Z;35.5;21.88;35.029;22.0579;2.3
2026-08-10T12:18:25Z;36.0;21.89;35.182;22.0706;15.0
2026-08-10T12:22:42Z;35.5;21.89;35.231;22.0714;15.8
2026-08-10T12:26:58Z;36.0;21.87;35.352;22.0536;-2.0
2026-08-10T12:31:15Z;35.0;21.88;35.297;22.0626;7.0
2026-08-10T12:35:31Z;36.0;21.87;35.407;22.0546;-1.0
2026-08-10T12:39:47Z;36.0;21.89;35.5;22.0762;20.6
2026-08-10T12:44:04Z;36.0;21.87;35.579;22.0576;2.0
2026-08-10T12:48:20Z;36.5;21.87;35.723;22.0602;4.6
2026-08-10T12:52:37Z;36.5;21.86;35.845;22.0523;-3.3
2026-08-10T12:56:53Z;37.0;21.86;36.026;22.0555;-0.1
2026-08-10T13:01:10Z;37.0;21.86;36.179;22.0582;2.6
2026-08-10T13:05:26Z;37.0;21.84;36.308;22.0405;-15.1
2026-08-10T13:09:43Z;36.5;21.86;36.338;22.0611;5.5
2026-08-10T13:13:59Z;37.0;21.87;36.442;22.0729;17.3
2026-08-10T13:18:15Z;37.0;21.86;36.529;22.0645;8.9
2026-08-10T13:22:32Z;37.5;21.86;36.682;22.0672;11.6
2026-08-10T13:26:48Z;37.5;21.86;36.81;22.0694;13.8
2026-08-10T13:31:05Z;37.5;21.86;36.918;22.0714;15.8
2026-08-10T13:35:21Z;37.5;21.85;37.01;22.063;7.4
2026-08-10T13:39:38Z;37.0;21.86;37.008;22.073;17.3
2026-08-10T13:43:54Z;37.5;21.85;37.085;22.0643;8.7
2026-08-10T13:48:10Z;37.5;21.8;37.15;22.0155;-40.1
2026-08-10T13:52:27Z;37.5;21.84;37.205;22.0564;0.8
2026-08-10T13:56:43Z;37.5;21.84;37.251;22.0573;1.7
2026-08-10T14:01:00Z;37.5;21.85;37.29;22.068;12.4
2026-08-10T14:05:16Z;38.0;21.85;37.402;22.0699;14.3
2026-08-10T14:09:33Z;37.0;21.83;37.339;22.0488;-6.8
2026-08-10T14:13:49Z;37.5;21.84;37.364;22.0593;3.7
2026-08-10T14:18:05Z;37.5;21.84;37.385;22.0596;4.0
2026-08-10T14:22:22Z;37.0;21.84;37.325;22.0586;3.0
2026-08-10T14:26:38Z;37.5;21.84;37.352;22.0591;3.5
2026-08-10T14:30:55Z;38.0;21.85;37.454;22.0709;15.3
2026-08-10T14:35:20Z;37.5;21.85;37.461;22.071;15.4
2026-08-10T14:39:29Z;37.5;21.84;37.467;22.0611;5.5
2026-08-10T14:43:45Z;38.0;21.84;37.551;22.0626;7.0
2026-08-10T14:48:10Z;37.5;21.85;37.543;22.0724;16.8
2026-08-10T14:52:19Z;38.0;21.83;37.615;22.0537;-1.9
2026-08-10T14:56:35Z;38.0;21.83;37.675;22.0548;-0.8
2026-08-10T15:00:52Z;37.0;21.81;37.569;22.0329;-22.7
2026-08-10T15:05:08Z;36.5;21.83;37.401;22.0499;-5.7
2026-08-10T15:09:25Z;37.0;21.85;37.338;22.0688;13.2
2026-08-10T15:13:41Z;37.0;21.85;37.285;22.0679;12.3
2026-08-10T15:17:58Z;37.5;21.84;37.319;22.0585;2.9
2026-08-10T15:22:14Z;36.5;21.85;37.191;22.0662;10.6
2026-08-10T15:26:31Z;36.0;21.83;37.004;22.0429;-12.7
2026-08-10T15:30:47Z;36.0;21.88;36.846;22.0901;34.5
2026-08-10T15:35:03Z;36.5;21.87;36.792;22.0791;23.5
2026-08-10T15:39:20Z;36.0;21.85;36.668;22.0569;1.3
2026-08-10T15:43:36Z;36.5;21.88;36.641;22.0864;30.8
2026-08-10T15:47:53Z;36.5;21.88;36.619;22.0861;30.5
2026-08-10T15:52:09Z;36.5;21.88;36.6;22.0857;30.1
2026-08-10T15:56:26Z;35.5;21.87;36.428;22.0727;17.1
2026-08-10T16:00:42Z;36.0;21.87;36.361;22.0715;15.9
2026-08-10T16:04:58Z;36.0;21.88;36.304;22.0805;24.9
2026-08-10T16:09:15Z;36.5;21.87;36.335;22.071;15.4
2026-08-10T16:13:31Z;36.0;21.88;36.282;22.0801;24.5
2026-08-10T16:17:48Z;35.5;21.88;36.16;22.0779;22.3
2026-08-10T16:22:04Z;35.0;21.88;35.978;22.0747;19.1
2026-08-10T16:26:20Z;35.0;21.89;35.824;22.082;26.4
2026-08-10T16:30:37Z;35.5;21.89;35.773;22.0811;25.5
2026-08-10T16:34:53Z;35.5;21.88;35.73;22.0703;14.7
2026-08-10T16:39:10Z;34.5;21.87;35.537;22.0569;1.3
2026-08-10T16:43:26Z;35.0;21.88;35.453;22.0654;9.8
2026-08-10T16:47:43Z;34.0;21.89;35.225;22.0713;15.7
2026-08-10T16:51:59Z;34.0;21.91;35.033;22.0879;32.3
2026-08-10T16:56:16Z;33.5;21.89;34.792;22.0637;8.1
2026-08-10T17:00:32Z;33.0;21.9;34.511;22.0687;13.1
2026-08-10T17:04:49Z;33.0;21.91;34.274;22.0745;18.9
2026-08-10T17:09:05Z;33.5;21.91;34.153;22.0723;16.7
2026-08-10T17:13:21Z;33.5;21.9;34.05;22.0605;4.9
2026-08-10T17:17:38Z;33.0;21.92;33.885;22.0776;22.0
2026-08-10T17:21:54Z;33.5;21.91;33.825;22.0665;10.9
2026-08-10T17:26:11Z;33.0;21.92;33.696;22.0742;18.6
2026-08-10T17:30:27Z;33.5;21.91;33.665;22.0637;8.1
2026-08-10T17:34:44Z;33.0;21.91;33.561;22.0618;6.2
2026-08-10T17:39:00Z;32.5;21.92;33.394;22.0689;13.3
2026-08-10T17:43:16Z;33.0;21.93;33.332;22.0778;22.2
2026-08-10T17:47:33Z;33.0;21.92;33.28;22.0668;11.2
2026-08-10T17:51:49Z;32.5;21.94;33.158;22.0847;29.1
2026-08-10T17:56:06Z;32.0;21.92;32.976;22.0614;5.8
2026-08-10T18:00:22Z;32.5;21.92;32.901;22.0601;4.5
2026-08-10T18:04:39Z;32.5;21.95;32.838;22.089;33.4
2026-08-10T18:08:55Z;32.0;21.94;32.707;22.0767;21.1
2026-08-10T18:13:11Z;32.5;21.95;32.674;22.0861;30.5
2026-08-10T18:17:28Z;32.0;21.92;32.569;22.0542;-1.4
2026-08-10T18:21:44Z;31.5;21.95;32.401;22.0812;25.6
2026-08-10T18:26:01Z;31.5;21.95;32.26;22.0787;23.1
2026-08-10T18:30:17Z;31.5;21.94;32.14;22.0666;11.0
2026-08-10T18:34:34Z;31.5;21.94;32.04;22.0648;9.2
2026-08-10T18:38:50Z;31.5;21.94;31.955;22.0633;7.7
2026-08-10T18:43:06Z;31.0;21.94;31.805;22.0607;5.1
2026-08-10T18:47:23Z;31.0;21.94;31.679;22.0584;2.8
2026-08-10T18:51:39Z;31.0;21.96;31.572;22.0766;21.0
2026-08-10T18:55:56Z;30.5;21.95;31.404;22.0636;8.0
2026-08-10T19:00:12Z;30.5;21.96;31.262;22.0711;15.5
2026-08-10T19:04:29Z;30.5;21.95;31.143;22.0589;3.3
2026-08-10T19:08:45Z;30.0;21.96;30.963;22.0658;10.2
2026-08-10T19:13:02Z;30.0;21.97;30.812;22.0731;17.5
2026-08-10T19:17:18Z;29.5;21.97;30.606;22.0694;13.8
2026-08-10T19:21:34Z;29.5;21.96;30.433;22.0563;0.7
2026-08-10T19:25:51Z;29.5;21.96;30.286;22.0537;-1.9
2026-08-10T19:30:07Z;29.0;21.96;30.085;22.0502;-5.4
2026-08-10T19:34:24Z;29.0;21.99;29.914;22.0772;21.5
2026-08-10T19:38:40Z;29.0;21.99;29.771;22.0746;19.0
2026-08-10T19:42:57Z;29.0;21.99;29.65;22.0725;16.9
2026-08-10T19:47:13Z;28.5;21.98;29.47;22.0593;3.7
2026-08-10T19:51:29Z;28.5;21.98;29.317;22.0566;1.0
2026-08-10T19:55:46Z;28.0;21.98;29.111;22.0529;-2.7
2026-08-10T20:00:04Z;28.0;21.99;28.936;22.0598;4.2
2026-08-10T20:04:19Z;28.0;21.99;28.79;22.0572;1.6
2026-08-10T20:08:35Z;28.0;21.99;28.666;22.055;-0.6
2026-08-10T20:12:52Z;28.0;22.01;28.561;22.0732;17.6
2026-08-10T20:17:08Z;27.5;21.99;28.395;22.0502;-5.4
2026-08-10T20:21:24Z;27.5;22.01;28.254;22.0677;12.1
2026-08-10T20:25:41Z;27.5;22.02;28.136;22.0756;20.0
2026-08-10T20:29:57Z;27.0;22.0;27.958;22.0525;-3.2
2026-08-10T20:34:14Z;27.0;22.0;27.807;22.0498;-5.8
2026-08-10T20:38:30Z;27.0;22.0;27.681;22.0475;-8.1
2026-08-10T20:42:47Z;27.0;22.01;27.574;22.0556;0.0
2026-08-10T20:47:03Z;27.0;22.02;27.484;22.064;8.4
2026-08-10T20:51:19Z;27.0;22.01;27.408;22.0527;-2.9
2026-08-10T20:55:36Z;26.5;22.03;27.266;22.0702;14.6
2026-08-10T20:59:52Z;26.5;22.02;27.145;22.058;2.4
2026-08-10T21:04:09Z;26.5;22.03;27.044;22.0663;10.6
2026-08-10T21:08:25Z;26.5;22.02;26.959;22.0547;-0.9
2026-08-10T21:12:42Z;26.0;22.02;26.808;22.0521;-3.5
2026-08-10T21:16:58Z;26.0;22.02;26.682;22.0498;-5.8
2026-08-10T21:21:15Z;26.0;22.02;26.575;22.0479;-7.7
2026-08-10T21:25:31Z;26.0;22.04;26.484;22.0663;10.7
2026-08-10T21:29:47Z;26.0;22.04;26.408;22.065;9.4
2026-08-10T21:34:04Z;26.0;22.04;26.344;22.0638;8.2
2026-08-10T21:38:20Z;26.0;22.03;26.29;22.0529;-2.7
2026-08-10T21:42:37Z;25.5;22.05;26.166;22.0707;15.1
2026-08-10T21:46:53Z;25.5;22.04;26.062;22.0588;3.2
2026-08-10T21:51:10Z;25.5;22.03;25.974;22.0473;-8.3
2026-08-10T21:55:26Z;25.5;22.04;25.899;22.0559;0.3
2026-08-10T21:59:43Z;25.0;22.03;25.758;22.0434;-12.2
2026-08-10T22:03:59Z;25.0;22.04;25.639;22.0513;-4.3
2026-08-10T22:08:15Z;25.0;22.05;25.539;22.0596;4.0
2026-08-10T22:12:32Z;25.0;22.06;25.454;22.0681;12.5
2026-08-10T22:16:48Z;25.0;22.06;25.383;22.0668;11.2
2026-08-10T22:21:05Z;24.5;22.05;25.245;22.0543;-1.3
2026-08-10T22:25:21Z;24.5;22.05;25.128;22.0523;-3.3
2026-08-10T22:29:38Z;24.5;22.04;25.029;22.0405;-15.1
2026-08-10T22:33:54Z;24.5;22.05;24.946;22.049;-6.6
2026-08-10T22:38:10Z;24.0;22.05;24.798;22.0464;-9.2
2026-08-10T22:42:27Z;24.0;22.07;24.673;22.0642;8.6
2026-08-10T22:46:43Z;24.0;22.05;24.567;22.0423;-13.3
2026-08-10T22:51:00Z;24.0;22.07;24.478;22.0607;5.1
2026-08-10T22:55:16Z;24.0;22.05;24.403;22.0394;-16.2
2026-08-10T22:59:32Z;23.5;22.07;24.261;22.0569;1.3
2026-08-10T23:03:49Z;23.5;22.05;24.142;22.0348;-20.8
2026-08-10T23:08:05Z;23.5;22.06;24.041;22.043;-12.6
2026-08-10T23:12:22Z;23.5;22.06;23.956;22.0415;-14.1
2026-08-10T23:16:38Z;23.5;22.07;23.885;22.0502;-5.4
2026-08-10T23:20:55Z;23.5;22.06;23.824;22.0392;-16.5
2026-08-10T23:25:11Z;23.5;22.06;23.773;22.0382;-17.4
2026-08-10T23:29:28Z;23.5;22.08;23.731;22.0575;1.9
2026-08-10T23:33:44Z;23.5;22.07;23.694;22.0468;-8.8
2026-08-10T23:38:00Z;23.5;22.09;23.664;22.0663;10.7
2026-08-10T23:42:17Z;23.5;22.07;23.638;22.0458;-9.8
2026-08-10T23:46:33Z;23.5;22.08;23.616;22.0555;-0.1
2026-08-10T23:50:50Z;23.5;22.09;23.598;22.0651;9.5
2026-08-10T23:55:06Z;23.5;22.09;23.583;22.0649;9.3
2026-08-10T23:59:23Z;23.5;22.08;23.57;22.0546;-1.0
2026-08-11T00:03:39Z;23.5;22.09;23.559;22.0644;8.8
2026-08-11T00:07:55Z;23.0;22.07;23.471;22.0429;-12.7
2026-08-11T00:12:12Z;23.0;22.09;23.397;22.0616;6.0
2026-08-11T00:16:28Z;23.0;22.08;23.335;22.0505;-5.1
2026-08-11T00:20:45Z;23.0;22.09;23.282;22.0595;3.9
2026-08-11T00:25:01Z;23.0;22.07;23.238;22.0388;-16.9
2026-08-11T00:29:18Z;23.0;22.07;23.201;22.0381;-17.5
2026-08-11T00:33:34Z;23.0;22.09;23.169;22.0575;1.9
2026-08-11T00:37:51Z;23.0;22.07;23.143;22.0371;-18.5
2026-08-11T00:42:07Z;22.5;22.07;23.042;22.0353;-20.3
2026-08-11T00:46:24Z;22.5;22.07;22.957;22.0338;-21.8
2026-08-11T00:50:40Z;22.5;22.07;22.885;22.0325;-23.1
2026-08-11T00:54:56Z;22.5;22.09;22.825;22.0514;-4.2
2026-08-11T00:59:13Z;22.5;22.09;22.774;22.0505;-5.1
2026-08-11T01:03:29Z;22.5;22.08;22.731;22.0398;-15.8
2026-08-11T01:07:46Z;22.5;22.1;22.695;22.0591;3.5
2026-08-11T01:12:02Z;22.0;22.08;22.586;22.0372;-18.4
2026-08-11T01:16:19Z;22.0;22.07;22.494;22.0256;-30.1
2026-08-11T01:20:35Z;22.0;22.1;22.416;22.0542;-1.4
2026-08-11T01:24:51Z;22.0;22.09;22.351;22.043;-12.6
2026-08-11T01:29:08Z;22.0;22.09;22.296;22.042;-13.6
2026-08-11T01:33:24Z;22.0;22.1;22.249;22.0512;-4.4
2026-08-11T01:37:41Z;22.0;22.09;22.21;22.0405;-15.1
2026-08-11T01:41:57Z;22.0;22.1;22.177;22.0499;-5.7
2026-08-11T01:46:14Z;22.0;22.09;22.15;22.0394;-16.2
2026-08-11T01:51:10Z;22.0;22.11;22.126;22.059;3.4
2026-08-11T01:54:47Z;22.0;22.08;22.106;22.0287;-26.9
2026-08-11T01:59:04Z;22.0;22.11;22.09;22.0584;2.8
2026-08-11T02:03:20Z;21.5;22.09;21.997;22.0367;-18.9
2026-08-11T02:07:37Z;21.5;22.1;21.919;22.0454;-10.2
2026-08-11T02:11:54Z;21.5;22.11;21.853;22.0542;-1.4
2026-08-11T02:16:11Z;21.5;22.11;21.798;22.0532;-2.4
2026-08-11T02:20:27Z;21.5;22.09;21.751;22.0324;-23.2
2026-08-11T02:24:43Z;21.5;22.11;21.712;22.0517;-3.9
2026-08-11T02:29:00Z;21.5;22.11;21.679;22.0511;-4.5
2026-08-11T02:33:16Z;21.5;22.1;21.651;22.0406;-15.0
2026-08-11T02:37:33Z;21.5;22.11;21.627;22.0502;-5.4
2026-08-11T02:41:49Z;21.5;22.11;21.607;22.0498;-5.8
2026-08-11T02:46:06Z;21.0;22.09;21.512;22.0281;-27.5
2026-08-11T02:50:22Z;21.0;22.11;21.431;22.0467;-8.9
2026-08-11T02:54:38Z;21.0;22.1;21.364;22.0355;-20.1
2026-08-11T02:58:55Z;21.0;22.11;21.307;22.0445;-11.1
2026-08-11T03:03:11Z;21.0;22.11;21.259;22.0436;-12.0
2026-08-11T03:07:28Z;21.0;22.12;21.218;22.0529;-2.7
2026-08-11T03:11:44Z;21.0;22.12;21.184;22.0523;-3.3
2026-08-11T03:16:01Z;21.0;22.1;21.155;22.0318;-23.8
2026-08-11T03:20:17Z;21.0;22.12;21.131;22.0514;-4.2
2026-08-11T03:24:33Z;21.0;22.11;21.11;22.041;-14.6
2026-08-11T03:28:50Z;21.0;22.1;21.093;22.0307;-24.9
2026-08-11T03:33:06Z;21.0;22.1;21.078;22.0305;-25.2
2026-08-11T03:37:23Z;21.0;22.11;21.066;22.0402;-15.4
2026-08-11T03:41:39Z;21.0;22.13;21.056;22.0601;4.4
2026-08-11T03:45:56Z;21.0;22.11;21.047;22.0399;-15.7
2026-08-11T03:50:12Z;21.0;22.11;21.04;22.0398;-15.8
2026-08-11T03:54:29Z;21.0;22.11;21.033;22.0397;-16.0
2026-08-11T03:58:45Z;21.0;22.11;21.028;22.0396;-16.0
2026-08-11T04:03:02Z;21.0;22.11;21.024;22.0395;-16.1
2026-08-11T04:07:18Z;21.0;22.12;21.02;22.0494;-6.2
2026-08-11T04:11:34Z;21.0;22.11;21.017;22.0394;-16.2
2026-08-11T04:15:51Z;21.0;22.11;21.014;22.0393;-16.3
2026-08-11T04:20:07Z;21.0;22.12;21.012;22.0493;-6.3
2026-08-11T04:24:24Z;21.0;22.1;21.01;22.0292;-26.4
2026-08-11T04:28:40Z;21.0;22.11;21.009;22.0392;-16.4
2026-08-11T04:32:57Z;21.0;22.12;21.007;22.0492;-6.4
2026-08-11T04:37:13Z;21.0;22.13;21.006;22.0592;3.6
2026-08-11T04:41:29Z;21.0;22.11;21.005;22.0392;-16.5
2026-08-11T04:45:46Z;21.0;22.11;21.004;22.0391;-16.5
2026-08-11T04:50:03Z;21.0;22.13;21.004;22.0591;3.5
2026-08-11T04:54:19Z;21.0;22.12;21.003;22.0491;-6.5
2026-08-11T04:58:35Z;21.0;22.13;21.003;22.0591;3.5
2026-08-11T05:02:53Z;21.0;22.13;21.002;22.0591;3.5
2026-08-11T05:07:09Z;21.0;22.13;21.002;22.0591;3.5
2026-08-11T05:11:25Z;21.0;22.11;21.002;22.0391;-16.5
2026-08-11T05:15:42Z;21.0;22.12;21.001;22.0491;-6.5
2026-08-11T05:19:59Z;21.0;22.13;21.001;22.0591;3.5
2026-08-11T05:24:15Z;21.0;22.11;21.001;22.0391;-16.5
2026-08-11T05:28:31Z;21.0;22.11;21.001;22.0391;-16.5
2026-08-11T05:32:48Z;21.0;22.13;21.001;22.0591;3.5
2026-08-11T05:37:04Z;21.0;22.11;21.001;22.0391;-16.5
2026-08-11T05:41:21Z;21.0;22.11;21.0;22.0391;-16.5
2026-08-11T05:45:37Z;21.0;22.11;21.0;22.0391;-16.5
2026-08-11T05:49:54Z;21.0;22.13;21.0;22.0591;3.5
2026-08-11T05:54:10Z;21.5;22.11;21.079;22.0405;-15.1
2026-08-11T05:58:26Z;21.5;22.11;21.145;22.0416;-14.0
2026-08-11T06:02:43Z;21.5;22.11;21.201;22.0426;-13.0
2026-08-11T06:07:00Z;21.5;22.11;21.248;22.0435;-12.2
2026-08-11T06:11:16Z;21.5;22.12;21.287;22.0542;-1.4
2026-08-11T06:15:33Z;21.5;22.11;21.321;22.0447;-10.9
2026-08-11T06:19:49Z;21.5;22.11;21.349;22.0452;-10.4
2026-08-11T06:24:06Z;21.5;22.1;21.372;22.0357;-19.9
2026-08-11T06:28:22Z;21.5;22.11;21.392;22.046;-9.6
2026-08-11T06:32:38Z;21.5;22.11;21.409;22.0463;-9.3
2026-08-11T06:36:55Z;21.5;22.1;21.424;22.0366;-19.0
2026-08-11T06:41:11Z;21.5;22.11;21.436;22.0468;-8.8
2026-08-11T06:45:28Z;22.0;22.1;21.524;22.0384;-17.2
2026-08-11T06:49:44Z;21.5;22.1;21.52;22.0383;-17.3
2026-08-11T06:54:01Z;22.0;22.11;21.596;22.0496;-6.0
2026-08-11T06:58:17Z;22.0;22.12;21.659;22.0608;5.1
2026-08-11T07:02:34Z;22.0;22.11;21.713;22.0517;-3.9
2026-08-11T07:06:50Z;22.0;22.12;21.758;22.0625;6.9
2026-08-11T07:11:06Z;22.0;22.1;21.796;22.0432;-12.4
2026-08-11T07:15:23Z;22.0;22.1;21.828;22.0437;-11.9
2026-08-11T07:19:39Z;22.5;22.13;21.933;22.0756;20.0
2026-08-11T07:23:56Z;22.5;22.11;22.022;22.0572;1.6
2026-08-11T07:28:12Z;22.5;22.11;22.097;22.0585;2.9
2026-08-11T07:32:29Z;22.5;22.09;22.16;22.0396;-16.0
2026-08-11T07:36:45Z;22.5;22.09;22.214;22.0406;-15.0
2026-08-11T07:41:01Z;22.5;22.11;22.259;22.0614;5.8
2026-08-11T07:45:18Z;23.0;22.1;22.375;22.0534;-2.2
2026-08-11T07:49:34Z;23.0;22.09;22.473;22.0452;-10.4
2026-08-11T07:53:51Z;23.0;22.09;22.556;22.0467;-9.0
2026-08-11T07:58:07Z;23.0;22.08;22.625;22.0379;-17.7
2026-08-11T08:02:24Z;23.0;22.08;22.684;22.0389;-16.7
2026-08-11T08:06:40Z;23.0;22.08;22.734;22.0398;-15.8
2026-08-11T08:10:56Z;23.5;22.1;22.854;22.0619;6.3
2026-08-11T08:15:13Z;23.5;22.1;22.955;22.0637;8.1
2026-08-11T08:19:29Z;23.5;22.08;23.041;22.0453;-10.4
2026-08-11T08:23:46Z;24.0;22.1;23.191;22.0679;12.3
2026-08-11T08:28:02Z;24.0;22.09;23.318;22.0602;4.6
2026-08-11T08:32:19Z;24.0;22.07;23.425;22.0421;-13.5
2026-08-11T08:36:35Z;24.5;22.06;23.594;22.0351;-20.5
2026-08-11T08:40:51Z;24.5;22.08;23.736;22.0576;2.0
2026-08-11T08:45:08Z;25.0;22.08;23.934;22.0611;5.5
2026-08-11T08:49:24Z;25.5;22.07;24.18;22.0555;-0.1
2026-08-11T08:53:41Z;26.0;22.07;24.466;22.0605;4.9
2026-08-11T08:57:57Z;26.0;22.05;24.706;22.0448;-10.8
2026-08-11T09:02:14Z;26.0;22.06;24.909;22.0584;2.8
2026-08-11T09:06:30Z;27.0;22.04;25.237;22.0442;-11.4
2026-08-11T09:10:46Z;27.0;22.04;25.514;22.0491;-6.5
2026-08-11T09:15:03Z;27.5;22.03;25.825;22.0446;-11.0
2026-08-11T09:19:19Z;27.5;22.04;26.088;22.0593;3.7
2026-08-11T09:23:36Z;27.5;22.01;26.31;22.0332;-22.4
2026-08-11T09:27:52Z;28.0;22.01;26.575;22.0379;-17.7
2026-08-11T09:32:09Z;28.0;22.01;26.799;22.0419;-13.7
2026-08-11T09:36:25Z;29.0;22.0;27.144;22.038;-17.6
2026-08-11T09:40:42Z;29.0;22.0;27.435;22.0432;-12.4
2026-08-11T09:44:58Z;29.5;22.0;27.759;22.0489;-6.7
2026-08-11T09:49:14Z;29.5;21.98;28.032;22.0338;-21.8
2026-08-11T09:53:31Z;30.0;22.0;28.341;22.0592;3.6
2026-08-11T09:57:47Z;30.0;21.98;28.601;22.0439;-11.7
2026-08-11T10:02:04Z;30.0;21.98;28.821;22.0478;-7.8
2026-08-11T10:06:20Z;30.5;21.97;29.084;22.0424;-13.2
2026-08-11T10:10:37Z;30.5;21.97;29.306;22.0464;-9.2
2026-08-11T10:14:53Z;31.0;21.92;29.572;22.0011;-54.5
2026-08-11T10:19:09Z;31.0;21.96;29.796;22.0451;-10.5
2026-08-11T10:23:26Z;31.0;21.95;29.985;22.0384;-17.2
2026-08-11T10:27:42Z;31.5;21.95;30.223;22.0426;-13.0
2026-08-11T10:31:59Z;31.5;21.96;30.423;22.0562;0.6
2026-08-11T10:36:15Z;31.5;21.96;30.592;22.0592;3.6
2026-08-11T10:40:32Z;31.5;21.94;30.735;22.0417;-13.9
2026-08-11T10:44:48Z;32.0;21.94;30.933;22.0452;-10.4
2026-08-11T10:49:04Z;32.0;21.93;31.1;22.0382;-17.4
2026-08-11T10:53:21Z;32.0;21.92;31.242;22.0307;-24.9
2026-08-11T10:57:37Z;32.0;21.93;31.361;22.0428;-12.8
2026-08-11T11:01:54Z;32.0;21.94;31.461;22.0546;-1.0
2026-08-11T11:06:10Z;32.5;21.92;31.624;22.0375;-18.1
2026-08-11T11:10:27Z;32.5;21.92;31.761;22.0399;-15.7
2026-08-11T11:14:43Z;32.5;21.91;31.877;22.032;-23.6
2026-08-11T11:19:00Z;32.0;21.92;31.897;22.0423;-13.3
2026-08-11T11:23:16Z;32.5;21.92;31.991;22.044;-11.6
2026-08-11T11:27:32Z;32.5;21.9;32.071;22.0254;-30.2
2026-08-11T11:31:49Z;32.5;21.9;32.138;22.0266;-29.0
2026-08-11T11:36:05Z;32.5;21.9;32.195;22.0276;-28.0
2026-08-11T11:40:22Z;32.5;21.92;32.243;22.0484;-7.2
2026-08-11T11:44:38Z;33.0;21.91;32.362;22.0406;-15.1
2026-08-11T11:48:55Z;33.0;21.89;32.462;22.0223;-33.3
2026-08-11T11:53:11Z;33.0;21.91;32.546;22.0438;-11.8
2026-08-11T11:57:27Z;32.5;21.89;32.539;22.0237;-31.9
2026-08-11T12:01:44Z;33.0;21.89;32.611;22.025;-30.6
2026-08-11T12:06:00Z;33.5;21.9;32.751;22.0375;-18.2
2026-08-11T12:10:17Z;33.0;21.89;32.79;22.0281;-27.5
2026-08-11T12:14:33Z;33.5;21.89;32.901;22.0301;-25.5
2026-08-11T12:18:50Z;33.5;21.91;32.995;22.0518;-3.8
2026-08-11T12:23:06Z;34.0;21.9;33.153;22.0446;-11.0
2026-08-11T12:27:22Z;34.0;21.89;33.286;22.0369;-18.7
2026-08-11T12:31:39Z;33.5;21.89;33.319;22.0375;-18.1
2026-08-11T12:35:55Z;33.5;21.89;33.348;22.038;-17.6
2026-08-11T12:40:12Z;33.5;21.88;33.372;22.0285;-27.1
2026-08-11T12:44:28Z;33.5;21.89;33.392;22.0388;-16.8
2026-08-11T12:48:45Z;33.5;21.9;33.409;22.0491;-6.5
2026-08-11T12:53:01Z;33.5;21.9;33.423;22.0494;-6.2
2026-08-11T12:57:17Z;33.5;21.88;33.435;22.0296;-26.0
2026-08-11T13:01:34Z;33.0;21.89;33.367;22.0384;-17.2
2026-08-11T13:05:50Z;33.5;21.9;33.388;22.0487;-6.9
2026-08-11T13:10:07Z;33.5;21.9;33.405;22.0491;-6.5
2026-08-11T13:14:23Z;33.5;21.89;33.42;22.0393;-16.3
2026-08-11T13:18:40Z;34.0;21.88;33.511;22.0309;-24.7
2026-08-11T13:22:56Z;33.5;21.88;33.509;22.0309;-24.7
2026-08-11T13:27:13Z;34.0;21.9;33.586;22.0523;-3.3
2026-08-11T13:31:29Z;34.0;21.88;33.651;22.0334;-22.2
2026-08-11T13:35:45Z;33.5;21.9;33.628;22.053;-2.6
2026-08-11T13:40:02Z;33.0;21.87;33.529;22.0213;-34.3
2026-08-11T13:44:18Z;33.5;21.89;33.525;22.0412;-14.4
2026-08-11T13:48:35Z;33.5;21.88;33.521;22.0311;-24.5
2026-08-11T13:52:51Z;34.0;21.9;33.596;22.0524;-3.2
2026-08-11T13:57:08Z;34.0;21.88;33.659;22.0336;-22.0
2026-08-11T14:01:24Z;34.0;21.87;33.713;22.0245;-31.1
2026-08-11T14:05:40Z;34.0;21.88;33.758;22.0353;-20.3
2026-08-11T14:09:57Z;34.0;21.88;33.796;22.036;-19.6
2026-08-11T14:14:13Z;34.0;21.88;33.828;22.0366;-19.0
2026-08-11T14:18:30Z;34.0;21.86;33.855;22.017;-38.6
2026-08-11T14:22:46Z;34.0;21.86;33.878;22.0174;-38.2
2026-08-11T14:27:03Z;34.5;21.87;33.975;22.0292;-26.4
2026-08-11T14:31:19Z;34.0;21.86;33.979;22.0192;-36.4
2026-08-11T14:35:36Z;34.0;21.88;33.982;22.0393;-16.3
2026-08-11T14:39:52Z;33.5;21.88;33.907;22.038;-17.7
2026-08-11T14:44:08Z;34.0;21.87;33.921;22.0282;-27.4
2026-08-11T14:48:25Z;34.0;21.88;33.934;22.0384;-17.2
2026-08-11T14:52:41Z;34.0;21.89;33.944;22.0486;-7.0
2026-08-11T14:56:58Z;33.5;21.87;33.874;22.0274;-28.2
2026-08-11T15:01:14Z;33.5;21.88;33.816;22.0363;-19.3
2026-08-11T15:05:31Z;34.0;21.86;33.845;22.0169;-38.8
2026-08-11T15:09:47Z;33.5;21.87;33.791;22.0259;-29.7
2026-08-11T15:14:03Z;34.0;21.88;33.823;22.0365;-19.1
2026-08-11T15:18:20Z;34.0;21.89;33.851;22.047;-8.6
2026-08-11T15:22:36Z;33.5;21.88;33.796;22.036;-19.6
2026-08-11T15:26:53Z;33.0;21.88;33.671;22.0338;-21.8
2026-08-11T15:31:09Z;33.5;21.89;33.644;22.0433;-12.3
2026-08-11T15:35:26Z;33.5;21.88;33.622;22.0329;-22.7
2026-08-11T15:39:42Z;33.5;21.89;33.603;22.0426;-13.0
2026-08-11T15:43:59Z;33.0;21.9;33.508;22.0509;-4.7
2026-08-11T15:48:15Z;33.0;21.89;33.428;22.0395;-16.1
2026-08-11T15:52:31Z;33.5;21.89;33.44;22.0397;-15.9
2026-08-11T15:56:48Z;32.5;21.91;33.292;22.0571;1.4
2026-08-11T16:01:04Z;33.0;21.91;33.246;22.0562;0.6
2026-08-11T16:05:21Z;33.5;21.9;33.286;22.0469;-8.7
2026-08-11T16:09:37Z;32.5;21.9;33.163;22.0448;-10.8
2026-08-11T16:13:54Z;32.0;21.9;32.98;22.0415;-14.1
2026-08-11T16:18:10Z;32.5;21.91;32.905;22.0502;-5.4
2026-08-11T16:22:26Z;32.5;21.88;32.841;22.0191;-36.5
2026-08-11T16:26:43Z;32.5;21.88;32.788;22.0181;-37.5
2026-08-11T16:30:59Z;32.5;21.87;32.743;22.0073;-48.3
2026-08-11T16:35:16Z;32.5;21.9;32.705;22.0366;-19.0
2026-08-11T16:39:32Z;32.5;21.91;32.673;22.0461;-9.5
2026-08-11T16:43:49Z;32.0;21.91;32.567;22.0442;-11.4
2026-08-11T16:48:05Z;32.0;21.9;32.478;22.0326;-23.0
